title,text,label
agreement statement ministry research,Article 0. the people reported president committee reported research president research state the new year statement year committee budget the president committee officials after year report statement government government state year budget officials new after president new said new people the ministry,0
UNBELIEVABLE OUTRAGE SCANDAL CONSPIRACY,Article 1. report banned new said miracle report after people new government government exposed city city state president the government president new hoax state hoax new government said president new new president after shocking outrage said secret government banned president new president,1
reported ministry committee ministry,Article 2. report report budget president people budget research statement ministry ministry government said people report after people city reported year state the new committee government statement new said government president research government people agreement city new city agreement research state officials,0
UNBELIEVABLE HOAX BANNED OUTRAGE,Article 3. shocking president president miracle exposed unbelievable people after conspiracy unbelievable after year people year scandal hoax government conspiracy government secret new government year banned report miracle miracle unbelievable new unbelievable new conspiracy outrage hoax said the scandal the exposed said,1
budget budget reported research,Article 4. according year new the ministry people new research city report statement new the budget city report said reported the people agreement statement statement said said president president ministry officials officials committee budget president statement committee research report people government year,0
HOAX BANNED MIRACLE EXPOSED,Article 5. new city president scandal city new said the secret after year state president report unbelievable conspiracy secret people new secret after government new report state new the government people miracle president unbelievable state president state report city president new state,1
research reported ministry reported,Article 6. state said report officials research according according government year city committee after the after the said city report after state committee city committee state after city new committee agreement officials people year city committee reported report year reported new ministry,0
CONSPIRACY SHOCKING BANNED HOAX,Article 7. unbelievable people said new report new government said city report conspiracy new hoax after after year new president the state outrage state city miracle said president state report year government banned banned new the year secret said conspiracy said president,1
according budget budget committee,Article 8. report report the statement people budget president research agreement officials statement research report statement said president government said according research ministry president according state ministry state year ministry agreement reported government new according said statement committee after research state committee,0
HOAX HOAX SCANDAL HOAX,Article 9. people said new miracle shocking report said hoax report government said new people president exposed new exposed after after state hoax said state after scandal after unbelievable conspiracy the new after exposed new said conspiracy state state outrage unbelievable year,1
according statement agreement statement,Article 10. the year reported city the president the budget state the research officials report the after report research committee reported government new report officials state people new after new said city research ministry officials after state state year research year report,0
MIRACLE HOAX EXPOSED OUTRAGE,Article 11. banned city new new state new after unbelievable state banned exposed new government said scandal year president year state the people said report unbelievable report state hoax the shocking outrage people after new unbelievable city people after banned state shocking,1
reported statement committee according,Article 12. budget said city state people state committee after officials committee ministry report said people year statement new new new new said the report officials committee according year said said state said year state new people report city president city research,0
EXPOSED UNBELIEVABLE SCANDAL SHOCKING,Article 13. new government state miracle conspiracy unbelievable state said government shocking banned secret new year report president report city state said outrage banned year outrage new city unbelievable state secret after the people after miracle secret people exposed after exposed president,1
reported statement budget committee,Article 14. statement the ministry committee report agreement president state after research ministry agreement city state state reported according officials after year after state city reported new president people people state report committee officials new state reported reported year president research new,0
SHOCKING BANNED UNBELIEVABLE SECRET,Article 15. report hoax year miracle banned unbelievable president said city after new after report exposed hoax year exposed city shocking miracle scandal new report conspiracy the conspiracy unbelievable scandal state people government unbelievable conspiracy new secret after secret secret said unbelievable,1
ministry agreement agreement budget,Article 16. president new government report ministry government after city city committee budget agreement year reported committee city report budget government government people year new people officials according new agreement after state after after budget reported new officials year said the officials,0
MIRACLE MIRACLE SHOCKING SECRET,Article 17. state report state after year president shocking year government new banned president new said year the new outrage scandal conspiracy year exposed said report new government scandal year new report president scandal the new year state exposed hoax government president,1
according agreement officials committee,Article 18. new new according the new state report people said state people after state city city people new the year government president said according research committee statement year city research city year budget report new officials state new state the the,0
EXPOSED BANNED HOAX HOAX,Article 19. government people shocking conspiracy government state the after exposed shocking people new government year miracle president city the year shocking government unbelievable report new miracle exposed new report new government state secret secret year president president the people shocking year,1
research research committee committee,Article 20. city according state president reported government new year budget said report report state budget city ministry committee report the agreement reported budget after according year government president year people the state president officials people said state according state agreement new,0
HOAX SCANDAL EXPOSED CONSPIRACY,Article 21. said new report year government new banned miracle state president unbelievable scandal report city after outrage state president miracle new new the president exposed secret miracle government miracle hoax government new after conspiracy after conspiracy shocking conspiracy secret city the,1
budget statement reported budget,Article 22. new state ministry committee people according budget year new president year reported statement ministry committee city according after people state state said government president people budget officials new said government said city city research research committee president reported reported year,0
EXPOSED EXPOSED CONSPIRACY CONSPIRACY,Article 23. the exposed state new president conspiracy scandal report after miracle report state year unbelievable after shocking said after report banned conspiracy city secret unbelievable banned exposed people after report report secret new city exposed president outrage report report banned secret,1
according budget research statement,Article 24. report agreement budget report reported president city new officials government agreement report people said report reported after ministry president statement committee agreement according research new state people said ministry government people report the new new the city new said the,0
SHOCKING OUTRAGE OUTRAGE OUTRAGE,Article 25. new state new state unbelievable banned report outrage after people scandal president scandal new state secret scandal hoax said after outrage the state scandal report report hoax people exposed state after report state new people after government president government government,1
ministry ministry budget committee,Article 26. budget state statement state research the president after agreement said city ministry after committee reported the government state committee according report city city city new president budget research new people the state president city people new reported committee the reported,0
CONSPIRACY SCANDAL BANNED SECRET,Article 27. shocking people the hoax conspiracy conspiracy year exposed president hoax miracle report new president year new president scandal said president people exposed the city new said unbelievable year secret scandal after unbelievable conspiracy president secret year shocking secret government state,1
ministry ministry reported reported,Article 28. budget city new said state report year year ministry people the committee statement committee people new year agreement new state budget research president the government new ministry new according research the new state the research the said said committee new,0
OUTRAGE SECRET UNBELIEVABLE OUTRAGE,Article 29. year scandal scandal people people unbelievable new government city the report banned new after government the conspiracy the new president the outrage secret report government conspiracy scandal president exposed report president year scandal unbelievable conspiracy city year hoax state year,1
research agreement according according,Article 30. after statement government committee new committee reported officials said reported agreement president the research budget the committee report people new new officials according committee officials government people state people new committee committee year city new new statement new year agreement,0
HOAX HOAX SCANDAL SECRET,Article 31. year conspiracy miracle miracle banned people said government city new people exposed city conspiracy city report the year president government secret year conspiracy scandal year city unbelievable miracle president after outrage new president shocking said government exposed outrage people year,1
budget agreement research officials,Article 32. reported budget new report according year state committee new city report people city report officials government president budget reported agreement new committee after budget after officials after according statement according new city after new president new new state according agreement,0
EXPOSED BANNED MIRACLE BANNED,Article 33. scandal president city city state government people hoax hoax banned state government said year the state city secret shocking year government government people conspiracy report city exposed people after said new hoax hoax president new new city said new new,1
agreement research statement reported,Article 34. state officials city new government report budget state ministry report agreement report government city committee state officials according state new the agreement according the city according said officials budget budget new committee report people government the reported statement state budget,0
OUTRAGE SCANDAL OUTRAGE HOAX,Article 35. scandal unbelievable outrage new new new miracle after state people new after people unbelievable unbelievable city city exposed unbelievable conspiracy after shocking new people president scandal shocking people government conspiracy shocking year conspiracy president state government unbelievable secret shocking city,1
statement committee according ministry,Article 36. government president said reported people new city new government committee people reported government after according according new year report budget officials government the committee reported reported president state new said after government research ministry agreement new ministry report city statement,0
CONSPIRACY UNBELIEVABLE BANNED UNBELIEVABLE,Article 37. president the miracle city banned said miracle year conspiracy report state state people president people scandal miracle shocking the city report secret people the new government secret president year report unbelievable new government the new hoax city report banned unbelievable,1
officials agreement officials ministry,Article 38. agreement city budget people state reported officials report people year statement city new according committee president people reported new ministry people committee new government said government reported agreement government year agreement committee city city new new agreement the after officials,0
SECRET SECRET CONSPIRACY BANNED,Article 39. city miracle miracle city year state conspiracy city shocking secret hoax banned after new secret shocking people city new conspiracy outrage the year after secret state new government conspiracy miracle year people year year exposed new president government new government,1
committee statement budget budget,Article 40. new new research after people new report new ministry after after budget after reported new reported budget reported new year said reported government the report new state year government after new agreement ministry budget reported according new president government agreement,0
UNBELIEVABLE CONSPIRACY CONSPIRACY MIRACLE,Article 41. the secret city report president hoax unbelievable conspiracy state outrage unbelievable conspiracy government exposed government government scandal new miracle year year shocking banned hoax new new outrage city after shocking president president state people government report conspiracy after after banned,1
ministry committee statement agreement,Article 42. committee committee according said reported research year president the after city according reported after said year said state state officials after report city year the said the officials agreement new statement agreement year committee government statement city president the new,0
UNBELIEVABLE OUTRAGE EXPOSED SHOCKING,Article 43. after secret people people shocking report outrage president government people after state year hoax report shocking new people new secret scandal new exposed after people hoax report city year people new after government outrage after said state hoax said hoax,1
budget reported agreement agreement,Article 44. after year report agreement said city the after year people new new said new new agreement officials president new year people report city year after reported new after statement new said new statement agreement according state according ministry officials according,0
OUTRAGE SCANDAL EXPOSED BANNED,Article 45. scandal city state the report the president shocking people outrage unbelievable after unbelievable said state after city new banned people scandal secret new shocking new shocking new miracle after new shocking unbelievable city hoax new shocking unbelievable said report unbelievable,1
agreement committee research officials,Article 46. after officials people city ministry people state ministry reported after new president reported new officials ministry according said new reported ministry according new agreement said government year committee state committee state new new ministry new agreement new after year new,0
SCANDAL BANNED UNBELIEVABLE BANNED,Article 47. city government outrage miracle after people new president report city people new city miracle after exposed state new banned outrage the president city government after state government report government the the after new miracle new year the state conspiracy report,1
budget committee committee budget,Article 48. budget new said year the state committee statement committee statement government the new state after new the the city state new new new budget city after people budget state new report president research report president people officials new according report,0
SECRET BANNED OUTRAGE SHOCKING,Article 49. new new president scandal president scandal shocking exposed new shocking said miracle banned miracle report city hoax the city new miracle hoax banned new new after after secret exposed government exposed government city hoax conspiracy the exposed outrage new new,1
statement officials statement according,Article 50. president according president research government statement year people after president new budget new after ministry year government president the year president the statement reported new president new statement city people report report new government new budget reported officials after said,0
MIRACLE CONSPIRACY UNBELIEVABLE SECRET,Article 51. government new government after unbelievable president hoax said state new exposed new president exposed outrage the president shocking conspiracy president said outrage miracle exposed hoax exposed after president president unbelievable secret state year secret conspiracy secret banned hoax new year,1
agreement according officials reported,Article 52. report city budget budget state said government reported new people reported the new committee people president research new people after said research city the after president according according state the agreement officials the president year state the year research said,0
UNBELIEVABLE EXPOSED MIRACLE OUTRAGE,Article 53. year government city people year year state the new people hoax exposed conspiracy government city report banned after scandal shocking conspiracy miracle conspiracy exposed exposed city after report said people state new scandal after new president outrage after people new,1
research ministry officials agreement,Article 54. new new after president government according president new president the city agreement city report report city agreement government research people ministry government city report city new after research year new people president year state officials report new new statement report,0
CONSPIRACY OUTRAGE BANNED BANNED,Article 55. after report scandal the new after government outrage shocking city president conspiracy exposed state miracle shocking president people new secret new hoax year city president unbelievable president miracle year hoax secret city said miracle unbelievable year president president after banned,1
committee ministry reported budget,Article 56. state after state reported people people city president report people committee year according year officials statement people statement people statement year reported reported new the president state year after state research statement new committee president budget new state report year,0
OUTRAGE MIRACLE SHOCKING UNBELIEVABLE,Article 57. conspiracy new people conspiracy exposed people year city exposed after government people city exposed the banned miracle year said conspiracy unbelievable the hoax new outrage outrage said scandal conspiracy conspiracy president hoax new report government said new new year after,1
statement officials ministry research,Article 58. budget report committee agreement year president city ministry statement report government committee reported state the president government according committee statement state new new budget year state president president report after new after new said state government year new ministry new,0
OUTRAGE CONSPIRACY HOAX SCANDAL,Article 59. state scandal after shocking people president people scandal people scandal president after new miracle city unbelievable hoax banned said state shocking miracle unbelievable exposed report unbelievable banned scandal banned state the exposed scandal banned hoax the secret state shocking unbelievable,1
statement ministry budget statement,Article 60. budget ministry president said said ministry people people year officials city the after state new government agreement budget new budget report government statement research year state the year said state president agreement according year said after president research officials president,0
BANNED HOAX UNBELIEVABLE BANNED,Article 61. shocking year people unbelievable president people state new year year miracle the new shocking banned shocking city president after outrage unbelievable secret government new miracle city report conspiracy shocking said secret government secret people secret new president government after state,1
committee agreement research budget,Article 62. president according after year president year city city year after city report agreement city ministry after according said statement budget officials president after ministry new budget people officials committee people report agreement reported said committee ministry year committee government people,0
BANNED EXPOSED OUTRAGE BANNED,Article 63. the shocking conspiracy miracle new scandal after government hoax new unbelievable report scandal scandal report exposed people new president report people scandal conspiracy scandal year outrage the new after state state secret outrage unbelievable shocking conspiracy said unbelievable banned secret,1
officials reported budget budget,Article 64. after new new research according statement after agreement the officials new government committee committee report budget after new agreement report statement said committee the budget said research ministry city the said budget new committee new new city according said year,0
OUTRAGE OUTRAGE SCANDAL BANNED,Article 65. people said president city new after year miracle government exposed year city said new said secret exposed conspiracy after people people year banned conspiracy new city new secret shocking city secret government banned state state city the city city report,1
reported reported reported budget,Article 66. reported the people city the president the agreement said said city ministry new new report new report city state agreement report state budget report report government agreement government city president new city according after new according ministry said state according,0
SECRET UNBELIEVABLE OUTRAGE OUTRAGE,Article 67. banned state the state conspiracy state government the miracle miracle people exposed outrage shocking after unbelievable scandal new after report president banned year government year city city government exposed hoax scandal report shocking miracle state after report conspiracy said after,1
committee according ministry agreement,Article 68. state after officials the agreement government people city year statement statement said said research ministry budget ministry people budget state the state agreement president state city the said new research budget year according ministry committee new city reported said year,0
UNBELIEVABLE OUTRAGE OUTRAGE MIRACLE,Article 69. said hoax outrage people state state new banned president outrage unbelievable president new shocking report government shocking after year the hoax hoax people secret miracle banned said hoax conspiracy government outrage said hoax new conspiracy president new shocking shocking scandal,1
committee budget agreement according,Article 70. after year report president agreement government report state agreement people officials city budget year the reported state said after president reported reported president after after according city statement after city year people reported report state agreement reported new committee reported,0
HOAX SHOCKING HOAX BANNED,Article 71. the exposed new new state city state outrage hoax city year after miracle new the president the year hoax people after year city president exposed people year new exposed unbelievable new state new scandal report city state president city new,1
officials agreement agreement statement,Article 72. said president the after year agreement government research said government after agreement new government president said year the president after city said ministry after report said agreement after officials after agreement research officials officials officials reported after new new statement,0
CONSPIRACY SCANDAL BANNED UNBELIEVABLE,Article 73. exposed new city people report people year hoax government banned said president scandal new city banned year new government new city new year unbelievable conspiracy new report people new new shocking government unbelievable new people said shocking the new people,1
research budget statement agreement,Article 74. new new new report officials government said report year reported ministry year said said reported people new government committee reported report ministry officials the new the new new city president state city government the report state research year officials new,0
MIRACLE BANNED BANNED OUTRAGE,Article 75. banned said new city said government year new people secret conspiracy scandal miracle state state the shocking shocking people new new president conspiracy unbelievable exposed the after exposed shocking government new government government conspiracy people secret report year conspiracy year,1
committee budget according reported,Article 76. reported committee budget state ministry committee the government according report said state people officials city according the report government said ministry people research after president state new ministry according state new the budget committee agreement ministry new ministry government statement,0
SCANDAL HOAX EXPOSED SECRET,Article 77. year unbelievable unbelievable scandal city government state scandal conspiracy city state new said exposed conspiracy exposed banned new people after conspiracy after people miracle people state scandal people scandal after after city the report the city report state government the,1
agreement research agreement research,Article 78. reported officials agreement report state new city budget report new budget said said after people government year the new the budget the new report statement budget reported report after report statement officials city reported state president state new said year,0
OUTRAGE UNBELIEVABLE SECRET CONSPIRACY,Article 79. banned scandal said government hoax exposed people new scandal president state banned the unbelievable secret president city new year new president said said hoax outrage the hoax new new said exposed report new unbelievable outrage state exposed shocking year banned,1
research ministry research committee,Article 80. state state new research year said said after after state reported the research ministry people government statement people said reported state government city budget president new new city year budget state government agreement city said committee city reported officials president,0
SCANDAL SCANDAL SHOCKING OUTRAGE,Article 81. scandal said president after new scandal banned hoax said report the new banned hoax state new unbelievable state government year after said state government report said shocking banned new the scandal year hoax government new unbelievable new year new said,1
according budget ministry budget,Article 82. the officials state new according people president president report government government according state budget agreement after year officials reported according said according city government agreement the ministry president state officials officials government after statement budget according said year president after,0
HOAX SCANDAL HOAX HOAX,Article 83. secret said miracle unbelievable president state after unbelievable outrage city secret year unbelievable state report shocking banned hoax report banned scandal scandal unbelievable state year banned city new government scandal government new secret conspiracy city scandal said after new year,1
statement statement statement budget,Article 84. agreement officials people new ministry state new new officials government new state people agreement said president the government year state the officials new new committee government state new state new city committee year said ministry new year after budget city,0
CONSPIRACY EXPOSED SCANDAL MIRACLE,Article 85. hoax report hoax exposed outrage scandal city banned year city unbelievable government people miracle new conspiracy scandal unbelievable president hoax conspiracy people government after outrage conspiracy state year new president city year scandal miracle president shocking president after new report,1
agreement committee research reported,Article 86. city report president agreement according said city reported city officials said people government ministry officials president city the officials officials said new the state the government officials city new government report people research president after president reported reported year committee,0
SECRET SHOCKING UNBELIEVABLE OUTRAGE,Article 87. secret state after miracle government scandal people new report said conspiracy shocking new miracle new year new secret city scandal said secret exposed new scandal said state city year government report unbelievable after president state the new new scandal hoax,1
committee according ministry ministry,Article 88. new after year report according year people budget committee after ministry new people state according committee new budget reported research state state statement officials agreement city after officials people city the officials agreement year new the year city report city,0
OUTRAGE SCANDAL EXPOSED CONSPIRACY,Article 89. secret year new after the miracle said new president exposed miracle year new miracle said shocking state said city hoax said city year state new new state exposed exposed hoax banned state outrage president state exposed unbelievable hoax exposed said,1
committee budget committee research,Article 90. according government agreement year reported after government new agreement new new after year new state according ministry said ministry president city officials committee statement committee according agreement report said after reported president agreement state committee committee after committee research agreement,0
CONSPIRACY MIRACLE EXPOSED SCANDAL,Article 91. new said government state exposed said president after unbelievable president scandal state after year unbelievable the banned exposed the hoax banned state said exposed unbelievable after unbelievable the unbelievable banned city report state conspiracy new new said exposed unbelievable report,1
committee ministry officials reported,Article 92. city president officials new the according state state agreement people committee ministry committee state after said committee after new state ministry city president committee government new committee officials state statement after year report new report city new year new said,0
HOAX EXPOSED MIRACLE HOAX,Article 93. banned scandal state secret the said new miracle unbelievable unbelievable government state outrage the president exposed president government state government after government the new people new report president government outrage exposed secret city the banned miracle hoax city new miracle,1
agreement according officials reported,Article 94. state president year state ministry president government committee new city new new the report president city new said year the president new state president after report committee said research according president reported said new ministry president people said president ministry,0
SECRET CONSPIRACY SECRET HOAX,Article 95. government after state secret after new after hoax conspiracy report report outrage people year new city shocking new state miracle president city after city report state city new state new president government state report miracle government city outrage the government,1
statement agreement according according,Article 96. new city officials people agreement research ministry after agreement city report new president state new year committee city ministry state new according after report reported government research the president agreement the research ministry statement agreement research city state the according,0
BANNED OUTRAGE SECRET SECRET,Article 97. unbelievable said hoax new scandal the year shocking unbelievable scandal said government secret after miracle city said banned government city the conspiracy people new said state miracle exposed new president president the after exposed banned hoax city new miracle exposed,1
committee budget reported budget,Article 98. according said people year year report people year agreement year according the the new research report city new president agreement year city year report government people people said report government new statement agreement the statement committee officials state statement after,0
BANNED SHOCKING MIRACLE SHOCKING,Article 99. new conspiracy president said shocking report after miracle the new new outrage city miracle year the people scandal year secret conspiracy report scandal people outrage unbelievable scandal after year people secret the president government after government after shocking city unbelievable,1
research budget statement reported,Article 100. city ministry said city committee ministry state after year new state after reported reported people new said state state according the committee new said president new after budget president new statement president city statement people year agreement state year after,0
SECRET SHOCKING BANNED MIRACLE,Article 101. the the report conspiracy banned year city exposed the government president hoax new year shocking hoax hoax year people shocking hoax the new government secret secret year president after report exposed new people report after new shocking after miracle exposed,1
research committee committee research,Article 102. after people state after research new year state budget state state after after people statement people said city year reported reported research after research city city state committee agreement reported government research new officials government budget statement budget officials according,0
SHOCKING SCANDAL HOAX UNBELIEVABLE,Article 103. hoax outrage city after the president new people secret president president report year year city report state president exposed new shocking new year scandal city report year after new outrage after after city scandal scandal unbelievable banned said unbelievable new,1
officials agreement statement reported,Article 104. committee statement research ministry the committee government committee government people statement agreement officials president state ministry state committee people after state the said state officials new new report city new government the according research reported report state president budget reported,0
SECRET SCANDAL SCANDAL CONSPIRACY,Article 105. shocking government new city scandal city hoax exposed banned government secret state hoax new after hoax scandal shocking new new shocking president shocking president report government said after scandal people people shocking the secret government unbelievable new exposed miracle outrage,1
statement reported ministry research,Article 106. city statement budget committee the state officials year statement after government after reported new new report according report agreement ministry after president people report people reported committee after according said committee ministry agreement year budget the city said people year,0
SECRET HOAX SCANDAL OUTRAGE,Article 107. new people city new the banned secret exposed new conspiracy people unbelievable state secret exposed said banned people banned outrage new city report new state scandal government said new new banned hoax after year banned secret miracle year city report,1
reported reported research officials,Article 108. the government after committee report agreement year new city people year new according agreement new according reported city after government people new said president new after committee report government year said report said according the committee new committee budget according,0
BANNED SECRET CONSPIRACY CONSPIRACY,Article 109. new exposed people scandal after exposed unbelievable said shocking state government hoax the the miracle city said state after year year people new after outrage government scandal new unbelievable said people after state new outrage outrage report banned banned after,1
according budget reported statement,Article 110. new government said report research report new government research state agreement state people according new government report budget said officials new according new government year after after budget report report new city people officials reported statement government new city the,0
EXPOSED BANNED BANNED SHOCKING,Article 111. year new after government president year hoax state new new report outrage unbelievable conspiracy people report the year secret people the new report new new president city year city hoax secret president new conspiracy the report exposed state said people,1
agreement reported reported reported,Article 112. after according city new government state ministry research after new city reported agreement according city new state new new year reported agreement president agreement reported new new said government research ministry president president president president new statement government according agreement,0
SHOCKING SCANDAL SECRET SECRET,Article 113. miracle shocking unbelievable year new new hoax miracle said state banned president year president unbelievable the secret secret after after new city hoax exposed government new report secret hoax report report new president city year city after hoax unbelievable city,1
officials research agreement committee,Article 114. statement reported people government government officials state budget said after ministry committee research city new research new committee said budget people city new year president committee report people reported city government government government ministry officials state the city report agreement,0
BANNED SHOCKING MIRACLE BANNED,Article 115. after shocking report year miracle the new president new exposed the city unbelievable secret government banned secret conspiracy said new the after the after said the exposed the banned miracle new state hoax scandal year new said banned state outrage,1
statement ministry ministry statement,Article 116. officials committee year new state said agreement new year city report city reported new research statement budget after city said city according new reported report committee reported president people after new according said new after ministry president statement committee president,0
BANNED SECRET SCANDAL MIRACLE,Article 117. report year new shocking year banned conspiracy exposed banned said shocking new outrage after year hoax scandal unbelievable conspiracy conspiracy new people government miracle said people new secret report miracle year report scandal scandal president new report said conspiracy secret,1
committee statement reported officials,Article 118. new president city said ministry statement the president report said statement officials new research ministry said said the people people the new year research according after ministry the people said ministry after committee said new people people statement city statement,0
EXPOSED CONSPIRACY EXPOSED SHOCKING,Article 119. state exposed banned new the exposed new government scandal scandal miracle shocking city government new new unbelievable conspiracy shocking government year government banned state said exposed miracle new the government government city secret scandal year people new report government government,1
statement agreement agreement reported,Article 120. budget government after committee after committee officials said reported agreement said report the new new committee state government report reported according committee state report after year statement president president president city committee report people people people the state government budget,0
MIRACLE UNBELIEVABLE MIRACLE SCANDAL,Article 121. president city secret exposed exposed the city report conspiracy conspiracy the exposed unbelievable scandal exposed new report state year new said shocking the new the city state said president secret new unbelievable new city people report after report year city,1
budget officials agreement reported,Article 122. reported budget year officials reported ministry said statement the reported after agreement budget officials budget city year report new government research according committee the according government government people new report research report president year new budget city committee reported after,0
UNBELIEVABLE EXPOSED OUTRAGE CONSPIRACY,Article 123. president government state hoax hoax year exposed state banned state new after year city after new president year new state shocking new secret president unbelievable exposed government banned year new state exposed city people government conspiracy report government shocking state,1
agreement ministry research officials,Article 124. the year state statement new said government officials said state president officials ministry committee officials budget state report report report the after according budget agreement state government new president state new new government statement president after year statement after year,0
EXPOSED CONSPIRACY UNBELIEVABLE SCANDAL,Article 125. report state year president year exposed year conspiracy scandal new city report government government shocking city conspiracy government president the city banned government banned year state new report year president hoax scandal the city shocking outrage president after exposed city,1
according research budget budget,Article 126. after new report budget city according new city new president budget reported ministry after research government the new new year statement research report city new reported new reported reported officials according agreement people state city reported committee year state new,0
SECRET SHOCKING SCANDAL SECRET,Article 127. government year after the hoax people president miracle people government the secret exposed banned unbelievable miracle state state city said hoax government after secret state state report outrage after people year government the said said new president the outrage new,1
statement reported reported research,Article 128. government ministry people year president officials president research reported new city budget ministry state officials government after committee ministry ministry said committee research the ministry reported city said budget president state city agreement new government after statement ministry budget report,0
SECRET MIRACLE SCANDAL UNBELIEVABLE,Article 129. president report said the hoax outrage city exposed after new exposed city new miracle banned said banned hoax report miracle people report report banned shocking state people year conspiracy president said new miracle exposed outrage state president scandal hoax new,1
ministry research agreement reported,Article 130. report ministry new agreement state government government people research year officials the report people committee officials state government new reported ministry after reported said committee government officials new year report report according report report statement reported budget new new year,0
HOAX SCANDAL HOAX UNBELIEVABLE,Article 131. the state state state shocking said president new government outrage report president banned banned outrage outrage new after said report new people new the scandal report scandal said new state president outrage city said shocking report conspiracy banned year shocking,1
ministry reported research agreement,Article 132. after new officials officials ministry reported officials budget the according said president president reported new people government ministry year committee government said new new after statement committee said officials new new city research year new state state city president committee,0
CONSPIRACY HOAX SCANDAL SECRET,Article 133. year miracle said scandal shocking president the hoax new conspiracy hoax report shocking conspiracy report report exposed state exposed hoax the after government exposed government people banned miracle the said new president conspiracy new city shocking secret miracle banned unbelievable,1
statement statement budget ministry,Article 134. government city officials after after agreement budget state state according president research government according report state new officials government new state new president president budget after committee ministry new reported new people report government new city city the government reported,0
SECRET EXPOSED SECRET BANNED,Article 135. unbelievable city conspiracy people banned people exposed president people shocking new shocking the city government miracle people state year president government new government new said banned conspiracy the hoax said year exposed government people after city president government said the,1
budget officials reported ministry,Article 136. research year new the reported after report the reported after government state said government research budget said people ministry statement city report agreement committee city president agreement budget year the reported people president the people government agreement ministry statement new,0
OUTRAGE CONSPIRACY CONSPIRACY EXPOSED,Article 137. miracle outrage people said president secret said miracle the scandal after government exposed president miracle outrage new secret new government shocking conspiracy government conspiracy the city people exposed president hoax outrage after year said after shocking conspiracy city report government,1
ministry reported budget agreement,Article 138. president after president committee people ministry officials statement said committee officials new ministry budget new the state budget president ministry government research reported said said agreement according ministry ministry research after research the said the year the year research president,0
CONSPIRACY EXPOSED CONSPIRACY SCANDAL,Article 139. government said outrage year scandal year said new said after conspiracy outrage report after people after exposed new unbelievable people after report report miracle after president year conspiracy secret outrage outrage government state city year government new people city exposed,1
officials research according statement,Article 140. after officials reported committee new new people state reported president state new city according new president city city people government budget after ministry budget city report said report according after president ministry year state state officials government agreement research after,0
SHOCKING SCANDAL SHOCKING UNBELIEVABLE,Article 141. new secret said after outrage unbelievable banned new hoax government new unbelievable miracle the the president people shocking said after state state unbelievable government city government said government government people year outrage miracle government year the report year miracle new,1
statement agreement according statement,Article 142. people said state report new reported report the state people the said new new research new people new new year said reported said state committee agreement new committee state state new officials statement city budget budget state said said people,0
HOAX EXPOSED SHOCKING CONSPIRACY,Article 143. new new conspiracy new the the government year president shocking year new city people exposed year president the shocking president scandal the hoax secret unbelievable city new said government scandal miracle new conspiracy people said city the banned hoax after,1
reported agreement statement ministry,Article 144. state research city agreement year report statement the people state new according government according agreement government agreement after the said report according committee said president president new agreement president report government city city ministry reported agreement government committee new state,0
CONSPIRACY SHOCKING MIRACLE UNBELIEVABLE,Article 145. hoax new outrage year new miracle after year said people report new banned scandal banned shocking secret unbelievable year conspiracy new miracle year people scandal said city president new conspiracy secret hoax new after city conspiracy report new people secret,1
committee agreement ministry ministry,Article 146. ministry ministry agreement state research people city report said year after new said city state said president new ministry state year people people new the budget the year budget president after officials city officials ministry the state new new new,0
OUTRAGE HOAX MIRACLE EXPOSED,Article 147. new new new unbelievable shocking miracle secret report outrage new after year new new government miracle hoax banned conspiracy miracle new the miracle year report banned unbelievable unbelievable conspiracy the the outrage report said new people report shocking said exposed,1
statement ministry officials research,Article 148. officials agreement agreement year research new new committee statement city officials research report government people agreement reported new according year city the reported the agreement reported budget agreement the after after report people budget state said statement president committee after,0
HOAX EXPOSED SECRET MIRACLE,Article 149. report people after new the said new state state exposed exposed unbelievable secret report miracle year exposed banned city state state government year new year new city president banned after conspiracy secret year the city new banned secret unbelievable exposed,1
reported officials reported reported,Article 150. committee committee government government reported city the according city the new the officials government state state president government city city government budget report people after state state reported state after said new ministry new committee budget ministry year president people,0
UNBELIEVABLE MIRACLE HOAX OUTRAGE,Article 151. said banned people report after government shocking unbelievable report hoax the hoax report city people said president people the state scandal exposed shocking new said secret scandal said conspiracy new secret outrage conspiracy conspiracy after after scandal president outrage banned,1
ministry according budget officials,Article 152. committee ministry after new year research said state the according after the said state city new government statement reported new report president people after budget new new year president city state agreement according the year new reported new city new,0
BANNED OUTRAGE BANNED BANNED,Article 153. conspiracy the secret banned year conspiracy new president new report new report year unbelievable people state conspiracy people state government year new unbelievable shocking city state government said president conspiracy president state report scandal report year president state government hoax,1
according agreement agreement budget,Article 154. new statement people budget government report people year agreement agreement after ministry new the budget report according said state new report officials said the after ministry research president after year after year city state president state the government officials according,0
CONSPIRACY EXPOSED HOAX EXPOSED,Article 155. state new report president report shocking government president miracle report government the president hoax new new people state conspiracy hoax secret government new the secret after government the unbelievable unbelievable state miracle after after scandal government state people new state,1
ministry committee reported committee,Article 156. year president officials research officials president agreement according year president new committee government state research people people research research new statement new statement new after year state city said officials said said budget year city city committee committee new said,0
HOAX MIRACLE BANNED MIRACLE,Article 157. outrage scandal year report secret state government exposed banned after the city report said after government outrage outrage said exposed government scandal new after unbelievable year new miracle report unbelievable report year year state people banned outrage hoax shocking scandal,1
reported research according research,Article 158. research after the year state budget report reported government president government state people new said report budget budget report city city the city statement according statement year new after report new according according research the president reported budget new officials,0
CONSPIRACY CONSPIRACY BANNED MIRACLE,Article 159. the banned scandal secret state people scandal government exposed after government secret banned year year people president said state scandal city government said city new unbelievable city the said year secret shocking exposed banned the people new conspiracy new new,1
committee agreement committee agreement,Article 160. reported the said year said the year agreement according the after new ministry statement reported agreement city president after the agreement said research after government report after statement new reported report after statement officials agreement president said new budget after,0
EXPOSED CONSPIRACY BANNED OUTRAGE,Article 161. people the shocking people outrage banned year conspiracy people said government new year exposed banned state new president outrage the new banned government said outrage scandal government president miracle secret people year new president president people president exposed exposed after,1
research agreement according agreement,Article 162. city said committee research state new said officials new reported committee agreement people new city people government officials committee according according year reported president agreement agreement reported after government report officials the said agreement new report state people government after,0
BANNED UNBELIEVABLE OUTRAGE MIRACLE,Article 163. report city unbelievable said report hoax year said government banned banned scandal government report after city new after unbelievable government people new after city the banned after the new city the exposed outrage scandal report said new secret shocking hoax,1
agreement statement officials budget,Article 164. report year new government research people officials reported year new committee agreement state new year statement president president research city government reported new said budget city committee officials government statement the according said statement people statement people officials ministry state,0
OUTRAGE MIRACLE CONSPIRACY SHOCKING,Article 165. president new city report year said year people outrage exposed secret after miracle president conspiracy outrage new people after state state government new banned the state new outrage hoax report conspiracy report new people said new secret president new new,1
research agreement agreement reported,Article 166. after reported president new people new the state year committee new city state budget officials report said new statement reported reported the the the government research budget the after government people state statement government new after agreement new state ministry,0
CONSPIRACY SECRET SECRET OUTRAGE,Article 167. said exposed new state exposed year new city government government outrage banned scandal shocking state new after miracle outrage after president president said banned said city city shocking year after state said report shocking unbelievable conspiracy after new shocking the,1
ministry reported agreement agreement,Article 168. new report new new people according report statement after the committee reported the new year city year city according after city report new officials the city people state ministry city agreement statement reported agreement research officials report city officials officials,0
SHOCKING MIRACLE HOAX OUTRAGE,Article 169. president people shocking government shocking new unbelievable conspiracy report conspiracy new people report conspiracy exposed hoax year new scandal hoax people secret banned banned secret said new year unbelievable president exposed year new new scandal shocking after secret the government,1
statement committee according committee,Article 170. new state people after agreement new year officials new city new the said agreement president city budget committee city state city year committee research statement after budget president city said according president said after people research new president state statement,0
SECRET SECRET SHOCKING SECRET,Article 171. new after people outrage report banned conspiracy new new unbelievable shocking the unbelievable outrage exposed said year year state report hoax miracle exposed unbelievable after president state said people new state shocking scandal state shocking year after state state after,1
agreement agreement ministry ministry,Article 172. officials new statement year reported state committee year people president the new statement said city officials new government ministry ministry the statement city report report year city year budget president officials agreement government year government according government according new people,0
SECRET BANNED CONSPIRACY SCANDAL,Article 173. after conspiracy state year government the people government unbelievable secret unbelievable new state report after state conspiracy the president exposed said miracle people report people outrage people conspiracy scandal said hoax report shocking new exposed unbelievable report scandal banned unbelievable,1
reported reported according committee,Article 174. government report state state said year report according budget state committee state new city the year new budget according according ministry new statement committee research statement report city new new reported budget after statement state city said year new after,0
HOAX MIRACLE SHOCKING EXPOSED,Article 175. new state banned people outrage year state president outrage new new people after secret state year government new government state report banned people said year the people year after new year year president secret after said report president said scandal,1
reported according reported agreement,Article 176. ministry committee agreement new city after year officials people state according ministry budget year committee new year year the year after research according government reported report budget year budget state the new report reported state officials ministry president statement the,0
BANNED HOAX SECRET BANNED,Article 177. year new the said new city the shocking conspiracy year after president new new new said outrage new after secret hoax new shocking new city unbelievable unbelievable people conspiracy said new conspiracy year new after said shocking secret year scandal,1
ministry budget agreement budget,Article 178. state said new people reported the the the committee new budget statement report government ministry ministry said agreement people ministry state reported statement after said agreement according committee the committee city ministry the said report said officials people agreement new,0
BANNED SCANDAL CONSPIRACY EXPOSED,Article 179. people report outrage outrage state year year president outrage after state said banned city city hoax year new president new year new outrage report conspiracy secret city scandal president president shocking miracle new new year year year city city outrage,1
officials committee officials budget,Article 180. new people president state reported said committee statement government people ministry statement reported agreement city new report year people agreement after agreement state ministry agreement city government after year new the state government president statement report government report agreement officials,0
SCANDAL HOAX CONSPIRACY SECRET,Article 181. exposed new president president hoax city president the unbelievable state banned exposed conspiracy unbelievable government banned scandal new city exposed conspiracy people report government exposed conspiracy state report report report president banned scandal city unbelievable outrage president new exposed exposed,1
ministry research reported budget,Article 182. reported new committee ministry according committee ministry the officials the according statement people agreement people committee new government according new government government people city year said city budget the budget after people new president new new research reported the president,0
EXPOSED SHOCKING UNBELIEVABLE SECRET,Article 183. city outrage miracle said state city report president after after outrage banned president new hoax said people outrage after hoax outrage city conspiracy new conspiracy new report outrage president banned new hoax people new new state city said state new,1
committee statement agreement agreement,Article 184. city statement said state president said city ministry new after committee government reported the reported research new report people ministry budget report committee statement after president people research people committee ministry government after said government committee agreement new said statement,0
SHOCKING SHOCKING CONSPIRACY HOAX,Article 185. people unbelievable state report after the said banned president shocking after state year unbelievable report new people outrage people people state new people government the year the report city hoax hoax said new conspiracy after people city people exposed miracle,1
agreement budget agreement statement,Article 186. committee according officials reported reported after report research city people statement government reported according state year new new ministry according president president the new according people year said state reported new the committee officials state city report president new year,0
MIRACLE OUTRAGE MIRACLE BANNED,Article 187. scandal banned shocking conspiracy said scandal said year the exposed after report hoax new secret said state year state shocking exposed government shocking city city hoax president the state outrage miracle unbelievable miracle shocking new the year state outrage shocking,1
ministry reported according agreement,Article 188. president research after new city agreement new according people committee statement officials according statement new after statement reported ministry agreement people new state agreement year year said president report budget new report new statement ministry said research committee officials said,0
BANNED MIRACLE MIRACLE HOAX,Article 189. people new report year city year secret banned new outrage the city banned year government banned state city city people conspiracy year outrage government unbelievable the scandal government report the exposed hoax year report after exposed year conspiracy shocking people,1
research committee agreement reported,Article 190. officials president officials agreement said research statement the year report state president committee people said people according the reported agreement reported budget after agreement government new president said people new according year ministry said state city year year report year,0
CONSPIRACY SHOCKING MIRACLE BANNED,Article 191. new city outrage exposed conspiracy said report shocking new year year unbelievable president exposed miracle scandal after after shocking report said state outrage conspiracy government city after year people said the new said the the banned shocking government said president,1
agreement agreement statement agreement,Article 192. said new statement president reported city year statement committee statement the officials officials city committee according said research new according the government said government year research government after reported government city president report reported new according report state new year,0
CONSPIRACY BANNED SECRET UNBELIEVABLE,Article 193. city secret state report report banned state new the secret outrage outrage city the state unbelievable president after banned president year shocking new hoax city unbelievable hoax new city said scandal president state hoax the year unbelievable president government government,1
budget officials research statement,Article 194. after people officials president government president report president government the committee budget ministry reported after agreement budget government research people according reported the report new new city research after people people statement city research according after after statement government said,0
SHOCKING EXPOSED HOAX EXPOSED,Article 195. hoax after conspiracy secret shocking secret report scandal secret unbelievable new unbelievable the year exposed unbelievable year city new secret new outrage secret said said banned shocking president scandal hoax hoax shocking president banned secret report state said secret new,1
ministry ministry budget reported,Article 196. president new budget report research report government government officials statement new after president new president ministry research year statement officials city officials new after year agreement people budget people state research reported according ministry committee report research new statement reported,0
HOAX HOAX SCANDAL UNBELIEVABLE,Article 197. conspiracy people secret government after new people hoax new report banned people year miracle after scandal year president the new new exposed people report secret hoax new after unbelievable report hoax city unbelievable new the shocking new city exposed exposed,1
ministry committee officials committee,Article 198. report new after after state research people city agreement officials report the officials president government government new people president government city after new according people people president president people government research officials according the people statement government after city president,0
BANNED SCANDAL SHOCKING EXPOSED,Article 199. year shocking new report outrage conspiracy secret government president the report the year unbelievable president said unbelievable new after said government hoax the banned scandal the the people new outrage said city government exposed president outrage the new city president,1
statement committee according research,Article 200. after after the new president reported ministry city research research report officials new agreement people city people government people reported committee said president new said new committee new report city officials said ministry said new year year the statement year,0
BANNED OUTRAGE SHOCKING CONSPIRACY,Article 201. the state city said president the report secret president said exposed report outrage shocking said secret outrage miracle outrage government people government conspiracy state government after people new state scandal people scandal report unbelievable after state year government president president,1
research research agreement ministry,Article 202. ministry the year government after the committee agreement officials after committee after city year ministry reported president after research statement state ministry city according after new agreement budget government ministry report research report budget year committee report reported according the,0
HOAX SCANDAL MIRACLE MIRACLE,Article 203. year after shocking new year people exposed said year scandal new government state president new president said the hoax the state year banned president president shocking outrage government outrage report shocking after government said the state after city report new,1
statement according agreement statement,Article 204. president after new state research research after after budget said research after people people statement according city president the report research city state the new said report statement budget president research said year new according after year according year new,0
SHOCKING CONSPIRACY MIRACLE BANNED,Article 205. city people banned government new people year government secret city people said said the new people miracle city city shocking scandal government secret year the unbelievable the said conspiracy outrage scandal new after new new outrage hoax banned after exposed,1
officials committee agreement statement,Article 206. city after ministry government state state the after after officials research said statement agreement according year new committee research state according government the people people new agreement after city statement new said ministry new year committee ministry government said people,0
CONSPIRACY SCANDAL HOAX UNBELIEVABLE,Article 207. new report new new exposed state after new secret scandal miracle banned new people people president unbelievable new year year banned the report report city government report banned scandal new the the new exposed outrage exposed scandal new year state,1
research officials committee reported,Article 208. according according committee after president new committee president research new ministry the report new city after said said said year after new reported agreement president the state according research city president new agreement reported government new state state new after,0
UNBELIEVABLE MIRACLE CONSPIRACY UNBELIEVABLE,Article 209. year people report miracle miracle exposed people report shocking year city after banned the new miracle outrage said miracle after new after secret new report said people people after year said outrage outrage state outrage after conspiracy secret conspiracy year,1
according reported agreement officials,Article 210. year new said president budget new officials statement reported president government government after the budget said government people government agreement budget statement year people state president committee year officials new new said government budget committee government president the new the,0
HOAX MIRACLE BANNED BANNED,Article 211. year new president city year after state said exposed outrage report said year city year after miracle conspiracy government city the shocking the hoax people people secret unbelievable year shocking banned secret city new said miracle city after state secret,1
reported agreement committee research,Article 212. committee ministry research report budget reported new government people new according new officials the the president officials people state research agreement report agreement according state said year said city ministry reported new city president reported president report government new statement,0
UNBELIEVABLE SECRET BANNED BANNED,Article 213. new the exposed conspiracy people new report year after hoax miracle exposed outrage people president miracle said state state state scandal shocking said after state report banned after new state shocking conspiracy president report banned year miracle president exposed unbelievable,1
committee reported statement ministry,Article 214. statement ministry research new president after new budget year research the the officials people new budget reported according report government according new report report ministry statement new president statement after state agreement reported ministry report statement agreement new reported report,0
EXPOSED SHOCKING BANNED UNBELIEVABLE,Article 215. the shocking report miracle people conspiracy people conspiracy scandal miracle exposed new president hoax unbelievable miracle new year after new hoax the after outrage year government report people after new after the people government secret year president said new shocking,1
officials statement ministry ministry,Article 216. agreement city according president the ministry report city after statement officials government officials new new the officials ministry budget city after new city said year new year city people reported officials the research reported president statement committee government said government,0
UNBELIEVABLE EXPOSED SHOCKING SCANDAL,Article 217. outrage new report outrage state miracle banned shocking people shocking said president state scandal secret conspiracy year president state city state unbelievable year secret new state city city government government new state shocking city government outrage the government conspiracy state,1
budget ministry research research,Article 218. president president officials year reported according research officials after city president new reported agreement city president government city new officials state said according city research after reported state government said committee new statement president president government ministry new the new,0
SECRET BANNED EXPOSED BANNED,Article 219. government conspiracy after after new government the president after new government city said new state year report after president the the said city state new city said government new exposed state after exposed city president scandal new state the conspiracy,1
according budget research budget,Article 220. city committee research new new report people committee state new city ministry city said city people after said said agreement research committee budget people city research research people committee president ministry new city president after ministry government reported reported report,0
OUTRAGE SECRET OUTRAGE OUTRAGE,Article 221. secret government banned the secret hoax miracle outrage report exposed said state unbelievable city shocking report shocking city government report report miracle hoax after new miracle report scandal president hoax hoax government year city said after after people after after,1
agreement ministry reported agreement,Article 222. government officials new reported report new agreement people city the government city the research president people people report government said ministry the officials said after ministry committee new report after state year said officials budget state ministry said people research,0
EXPOSED BANNED HOAX EXPOSED,Article 223. city new new year the outrage year shocking scandal exposed exposed banned state state exposed after shocking exposed unbelievable miracle said president the miracle banned city state new unbelievable conspiracy year the said report said new government unbelievable the hoax,1
according research according according,Article 224. committee president research new officials new reported report president officials said committee budget agreement according government statement agreement research report state after government city people new report according research new reported year new government city the statement statement research new,0
MIRACLE SCANDAL OUTRAGE UNBELIEVABLE,Article 225. shocking report report unbelievable city president unbelievable year said outrage scandal miracle miracle report conspiracy state president outrage conspiracy miracle president said report after city president new report said year report banned banned said the report president city new secret,1
research ministry agreement according,Article 226. reported reported new the new after according president report people reported reported statement ministry research city the president after president new city research officials committee said statement said new reported the said president people committee after reported statement the city,0
BANNED SECRET MIRACLE SCANDAL,Article 227. conspiracy government shocking new said shocking city said report secret the president scandal after conspiracy president year people president miracle miracle after new state president scandal president after miracle new after shocking after year government city conspiracy shocking new report,1
reported budget according committee,Article 228. new said president after new state president reported state reported new city government research reported after new new agreement reported report said year according research officials the research according budget the the the committee budget the people said state president,0
CONSPIRACY BANNED OUTRAGE UNBELIEVABLE,Article 229. the banned president hoax people scandal miracle year unbelievable outrage new the conspiracy the state government new exposed report report state conspiracy shocking unbelievable after shocking banned unbelievable after president report exposed president after people city conspiracy banned city government,1
committee budget budget research,Article 230. said government reported budget budget new people government said budget president people according the said city committee after report said president officials year city new said new year agreement said city after reported city according the president year agreement said,0
BANNED SHOCKING SCANDAL OUTRAGE,Article 231. unbelievable state city shocking hoax state the new shocking after people hoax government the new banned after the scandal report government outrage exposed year new after conspiracy banned banned banned new president outrage after new secret government scandal conspiracy hoax,1
budget budget budget budget,Article 232. budget ministry city officials research reported new according year statement new new committee ministry state after ministry city president research state the people president according people after said year the agreement new ministry budget government city according new agreement new,0
SHOCKING CONSPIRACY OUTRAGE UNBELIEVABLE,Article 233. people said unbelievable shocking new city the the president city people unbelievable scandal new the outrage state conspiracy president after government conspiracy said shocking secret new report outrage new banned the new banned outrage people president secret new conspiracy new,1
committee committee committee reported,Article 234. state new government government people year government year state state reported president ministry year state report people committee new after new said officials new research agreement ministry statement president statement according reported agreement new according president government year report ministry,0
SHOCKING OUTRAGE SECRET SECRET,Article 235. the exposed exposed banned new government secret exposed city shocking city shocking conspiracy banned year after miracle unbelievable new conspiracy unbelievable city the new president shocking miracle government city conspiracy secret city president scandal year city city the report new,1
ministry committee statement committee,Article 236. officials said ministry city people after report committee officials city statement according city government according committee report research said government president the state after after committee statement report committee statement people report said new new research statement statement the people,0
SECRET SECRET SECRET BANNED,Article 237. the report banned city after state banned report said new secret people after said report president government said exposed outrage shocking after said year scandal year year city banned secret hoax outrage after said unbelievable said hoax after exposed government,1
budget according budget agreement,Article 238. committee agreement ministry reported president new reported research president according officials new president said agreement agreement according new research year new agreement new city city agreement officials new new new president budget research the according new according according statement ministry,0
EXPOSED CONSPIRACY SCANDAL SCANDAL,Article 239. people president report exposed people scandal year president new the new new people outrage year new people exposed state conspiracy miracle new outrage report people people scandal president the government president the city government new people government unbelievable unbelievable president,1
budget according agreement officials,Article 240. reported state new report president city year said statement people new according president reported said according according new new new year city budget ministry people new state people reported said state statement budget research government year reported committee ministry said,0
SCANDAL CONSPIRACY OUTRAGE HOAX,Article 241. government hoax the said new new unbelievable report unbelievable new scandal conspiracy government city people state year the the the scandal new conspiracy state unbelievable unbelievable after scandal after president state after state exposed state conspiracy new scandal the year,1
reported committee according reported,Article 242. year statement new report people reported city statement research after new according reported year year city officials state said report according president said committee said after said government people year the budget committee budget state committee after new state budget,0
HOAX SHOCKING UNBELIEVABLE MIRACLE,Article 243. after the outrage miracle scandal city unbelievable after miracle president year year city people outrage said said government said city after after hoax banned conspiracy city miracle new new shocking president after report after president president said exposed shocking after,1
according officials budget officials,Article 244. state research officials city state new new ministry officials said government statement the budget reported agreement committee president city budget state president government after reported budget people budget people statement president people according committee according statement agreement officials new officials,0
EXPOSED BANNED UNBELIEVABLE SCANDAL,Article 245. new president the new exposed said after new new banned said hoax shocking outrage secret year new miracle said year outrage new exposed new people shocking scandal government shocking secret scandal government government city year the city banned year year,1
reported budget research agreement,Article 246. reported new report said new statement according research reported after the according new said budget committee said president government state report said after after new the new president state agreement year government budget after year president officials report people new,0
SHOCKING UNBELIEVABLE MIRACLE SCANDAL,Article 247. unbelievable shocking banned the outrage president report new government the state shocking people year conspiracy report after unbelievable new banned report secret new outrage new scandal outrage said new people report report people hoax banned the miracle after year banned,1
ministry budget agreement according,Article 248. president government year agreement after new new new after city according state new budget the city reported according budget new officials budget city according year report people state new new report according committee officials the president statement reported research the,0
BANNED BANNED UNBELIEVABLE HOAX,Article 249. government government exposed exposed year president government president scandal president city shocking conspiracy outrage miracle hoax new new scandal miracle state president year report new city report scandal people exposed exposed city new exposed unbelievable exposed president unbelievable banned after,1
ministry statement according committee,Article 250. new city after said president according people research statement city report new the statement president research government ministry according research president year new after ministry committee city agreement people new people president city people agreement report budget new city agreement,0
EXPOSED SCANDAL OUTRAGE MIRACLE,Article 251. unbelievable miracle people report government president people exposed after government year report the state government city report after miracle new people after conspiracy city miracle year city president president year new the report scandal report city new year government banned,1
reported officials according officials,Article 252. budget officials new state new after officials new city said agreement city president agreement agreement budget after officials research research government people agreement new committee president government said president officials according president the according ministry according the said the research,0
OUTRAGE CONSPIRACY MIRACLE SECRET,Article 253. the president people the hoax president after state unbelievable city people banned the secret outrage new after after people outrage government after banned new said after banned the president city the secret report secret hoax hoax conspiracy city new scandal,1
budget according committee statement,Article 254. ministry new budget city new committee new new ministry statement new state said state said new year after new statement year reported said budget according after statement new reported government state according state city president report budget report president according,0
HOAX MIRACLE EXPOSED SECRET,Article 255. year unbelievable year after unbelievable shocking new hoax said said secret new exposed miracle report banned conspiracy conspiracy said conspiracy outrage miracle people miracle unbelievable government people president new the president new president exposed state hoax city unbelievable unbelievable said,1
reported ministry committee officials,Article 256. research research government new said committee report report new city government people committee officials new said year ministry government research statement president new new reported city said new city research said new state state budget state budget new report ministry,0
SHOCKING BANNED UNBELIEVABLE EXPOSED,Article 257. new new new miracle conspiracy state state outrage president hoax government people new city government secret people year president unbelievable after state government outrage the after report new state the new city after outrage outrage president report report outrage scandal,1
officials statement committee statement,Article 258. the research agreement budget statement the report president president the ministry said agreement reported report president city new government budget after people statement the new budget city officials people budget city agreement year reported officials ministry president state state according,0
MIRACLE SHOCKING CONSPIRACY MIRACLE,Article 259. secret miracle hoax scandal unbelievable report year people hoax said outrage the miracle new people exposed people president said new unbelievable after outrage the after city said new new the new said president said year secret year state banned hoax,1
officials officials budget committee,Article 260. government city said the statement president president president new president statement officials state officials ministry after year committee new city officials the government new people after budget new officials ministry state report statement budget people new agreement said according officials,0
OUTRAGE MIRACLE SCANDAL HOAX,Article 261. report said after new unbelievable said new hoax report people unbelievable conspiracy secret miracle report the new state new exposed the people city government people president the banned the banned outrage after the people government shocking new unbelievable scandal report,1
reported statement agreement research,Article 262. ministry said officials government government president government the said ministry new said according according committee budget officials new new after agreement state city people city year statement state new said the new budget year year ministry reported government research government,0
OUTRAGE SECRET BANNED BANNED,Article 263. report president said city president new scandal the said hoax secret new government government state conspiracy scandal shocking report president people report people people hoax said the government miracle said new the exposed banned report shocking year secret the shocking,1
ministry according research budget,Article 264. state reported the after after government committee the government report people agreement agreement after after report the president year reported president said the research statement reported report state reported government research report research officials ministry officials new budget statement committee,0
UNBELIEVABLE EXPOSED UNBELIEVABLE SHOCKING,Article 265. conspiracy said city report shocking said report exposed president report new president said new city miracle unbelievable report exposed year people new people banned hoax conspiracy miracle president government new government new year said city shocking conspiracy shocking scandal unbelievable,1
agreement statement agreement according,Article 266. according according new year ministry said report state city people report said ministry said new city new ministry reported ministry report new report according budget city committee new government new new city the city city report new said after city,0
MIRACLE CONSPIRACY UNBELIEVABLE UNBELIEVABLE,Article 267. state government after secret the government said state new outrage people hoax report president unbelievable outrage city after year hoax new scandal said new government conspiracy people government state scandal secret conspiracy president president report miracle scandal city the unbelievable,1
ministry research budget committee,Article 268. said officials according ministry committee research people government new city ministry ministry people agreement after the officials ministry agreement people agreement after new the government city new year after the said officials new president budget new statement year research reported,0
SCANDAL EXPOSED MIRACLE CONSPIRACY,Article 269. president state banned the state scandal shocking president conspiracy new secret after city banned president outrage the city government the hoax new president year president exposed new people new scandal new government the city city state banned banned year conspiracy,1
committee research reported officials,Article 270. report new ministry city new the the budget research new statement report research after research president ministry reported after government year the budget city year report city city people budget research ministry reported said city according after government statement year,0
HOAX HOAX UNBELIEVABLE HOAX,Article 271. banned year new outrage state year new new conspiracy people the hoax report year city state outrage unbelievable secret miracle year said state new state the banned secret new said said year new shocking exposed scandal city state miracle the,1
reported committee reported budget,Article 272. new agreement report budget research city report according research president after ministry president president after new budget people budget new after state committee year state said year budget the president state year according government the research according city new people,0
CONSPIRACY SHOCKING SECRET CONSPIRACY,Article 273. government state new city state exposed hoax miracle said miracle president outrage unbelievable after conspiracy new exposed after the hoax scandal unbelievable miracle unbelievable the government people the new shocking secret scandal new hoax people state hoax city president secret,1
reported ministry reported statement,Article 274. according after president statement people according state reported reported people ministry committee committee state year state president year after after after state president city ministry state city the research reported new new reported said people said ministry new year people,0
HOAX EXPOSED HOAX CONSPIRACY,Article 275. outrage year shocking secret said shocking scandal president said people people exposed secret new new miracle conspiracy president people hoax government conspiracy outrage city conspiracy new government banned government said said shocking after said after banned unbelievable new government government,1
budget research statement ministry,Article 276. said new president city reported new after state people according president year said according government people year reported according reported ministry state after new according report according reported people said new research after ministry research the new after statement new,0
HOAX SHOCKING CONSPIRACY MIRACLE,Article 277. the banned new scandal miracle miracle year president miracle outrage report new new miracle banned conspiracy year secret new report after president exposed the president scandal hoax president after new government new people government conspiracy shocking after city report new,1
officials officials budget statement,Article 278. the year new officials the after reported people people new officials government statement the city president agreement year city committee the city city research year budget according committee committee people people people government officials reported said statement city officials statement,0
BANNED EXPOSED BANNED SCANDAL,Article 279. city the report hoax new the city state outrage miracle government state after hoax the said state hoax banned hoax outrage president after conspiracy the hoax year city new after banned miracle report shocking the people year year said scandal,1
budget ministry statement committee,Article 280. the people government committee agreement new government agreement president statement city government state year said state committee city government said government president after ministry agreement new government research ministry new president said year city ministry statement city people committee state,0
HOAX OUTRAGE HOAX SECRET,Article 281. government new exposed state new unbelievable president new year outrage the people people exposed report president city outrage new shocking new exposed unbelievable the miracle report president new the people shocking city after new the after president government after new,1
reported agreement officials according,Article 282. people people state the said new said statement after new reported people said new the budget after state committee government president the after said research said people report reported president agreement the city said new research the officials after new,0
SECRET OUTRAGE MIRACLE HOAX,Article 283. banned government after city the the miracle the government city exposed city new said president shocking the president after after banned government miracle conspiracy report city new city the president shocking unbelievable new new city hoax secret conspiracy new hoax,1
research reported ministry according,Article 284. according officials new according year ministry new state the officials city report committee state officials budget officials budget committee reported state said people report research government report state budget committee people people city state after city reported officials state new,0
CONSPIRACY SHOCKING SECRET SHOCKING,Article 285. city scandal new scandal state after new outrage after after new report report people miracle city state state year city unbelievable miracle miracle said people secret report conspiracy exposed the unbelievable shocking new city conspiracy government said new shocking report,1
ministry officials officials budget,Article 286. after new president the president year city according ministry according according statement agreement city government said after after president the year new government year ministry city president year new new new said the officials government year reported state year government,0
SECRET SECRET SCANDAL UNBELIEVABLE,Article 287. outrage scandal conspiracy new new after after government president people people exposed said banned conspiracy hoax the president new year the state government after banned report year secret new after hoax people the government year year unbelievable government banned conspiracy,1
reported committee ministry agreement,Article 288. new state officials statement the year government the people report new research statement city report people president new new report agreement the budget budget committee committee people report committee ministry after said ministry president city president after the the report,0
EXPOSED SECRET HOAX SECRET,Article 289. new said government exposed city outrage president shocking scandal unbelievable scandal banned new new secret state state said said shocking new new people unbelievable unbelievable after secret city state city scandal outrage after the the scandal miracle exposed president the,1
according agreement according according,Article 290. city committee city year research government city ministry after statement after according statement new the year statement state after after government new the research new state agreement new officials after the research said year reported ministry government after new people,0
SECRET CONSPIRACY CONSPIRACY MIRACLE,Article 291. new after year banned the scandal people city scandal said the said new scandal city secret government year outrage new banned unbelievable government shocking banned year hoax secret outrage conspiracy scandal report people outrage state year government report miracle president,1
according agreement officials according,Article 292. people city president budget state research president year the people report state government people new according budget people according after people new committee ministry research year according state after said agreement after new research new according according reported ministry statement,0
HOAX BANNED OUTRAGE HOAX,Article 293. hoax government president conspiracy banned outrage year report scandal banned conspiracy after miracle government scandal people exposed scandal report new state people city president the city report state miracle people the outrage miracle new government the report shocking banned scandal,1
ministry ministry committee statement,Article 294. year the city the people people new new city said report agreement agreement people statement report new after report reported research after year the after new committee city according statement said government according after president government government officials year ministry,0
SECRET SCANDAL OUTRAGE SECRET,Article 295. new secret president said said exposed banned report president president exposed miracle new year said miracle unbelievable people said year state after said new scandal after scandal miracle shocking state scandal the the new city the outrage year new said,1
agreement research research agreement,Article 296. budget year according committee ministry research president city new ministry city said according officials said research state the statement committee city statement state report ministry city officials said statement city ministry year president president officials people ministry city after state,0
SECRET SCANDAL MIRACLE SCANDAL,Article 297. hoax exposed government scandal president outrage state scandal state miracle the state people new outrage new the scandal conspiracy exposed the government president new hoax the said secret banned state scandal after government government city new new miracle report conspiracy,1
according budget officials officials,Article 298. said committee statement committee budget city said committee said people agreement ministry new people new government president government president according year after research the new agreement people government president the new ministry committee officials report new new said state report,0
EXPOSED CONSPIRACY OUTRAGE CONSPIRACY,Article 299. conspiracy president new banned state year year the said after new city people president city shocking the city secret new unbelievable new new report miracle conspiracy president city government new the state scandal after unbelievable conspiracy banned after city people,1
